{
   "AlarmName":"ce-high-memory",
   "AlarmDescription":"Avg memory usage above 60% for 3 minutes",
   "AWSAccountId":"782320572423",
   "AlarmConfigurationUpdatedTimestamp":"2022-06-01T10:07:04.900+0000",
   "NewStateValue":"ALARM",
   "NewStateReason":"Threshold Crossed: 3 datapoints [60.15625 (01/06/22 11:28:00), 60.15625 (01/06/22 11:27:00), 60.065104166666664 (01/06/22 11:26:00)] were greater than or equal to the threshold (60.0).",
   "StateChangeTime":"2022-06-01T11:30:17.117+0000",
   "Region":"EU (London)",
   "AlarmArn":"arn:aws:cloudwatch:eu-west-2:782320572423:alarm:ce-high-memory",
   "OldStateValue":"OK",
   "OKActions":[
      
   ],
   "AlarmActions":[
      "arn:aws:sns:eu-west-2:782320572423:slack-notifications"
   ],
   "InsufficientDataActions":[
      
   ],
   "Trigger":{
      "MetricName":"MemoryUtilization",
      "Namespace":"AWS/ECS",
      "StatisticType":"Statistic",
      "Statistic":"AVERAGE",
      "Unit":"Percent",
      "Dimensions":[
         {
            "value":"ce",
            "name":"ServiceName"
         },
         {
            "value":"the-seam-dev",
            "name":"ClusterName"
         }
      ],
      "Period":60,
      "EvaluationPeriods":3,
      "ComparisonOperator":"GreaterThanOrEqualToThreshold",
      "Threshold":60.0,
      "TreatMissingData":"missing",
      "EvaluateLowSampleCountPercentile":""
   }
}