[
  {
    "domain": "activate-startup.com",
    "id": 1265929,
    "soa_email": "admin@instantaccess.com",
    "status": "active",
    "type": "master"
  },
  {
    "domain": "activate.co.uk",
    "id": 812325,
    "soa_email": "admin@instantaccess.com",
    "status": "active",
    "type": "master"
  },
  {
    "domain": "activate.it",
    "id": 815875,
    "soa_email": "admin@instantaccess.com",
    "status": "active",
    "type": "master"
  },
  {
    "domain": "activate.uk",
    "id": 815877,
    "soa_email": "admin@instantaccess.com",
    "status": "active",
    "type": "master"
  },
  {
    "domain": "activatecapital.co.uk",
    "id": 819727,
    "soa_email": "hostmaster@activatemedia.co.uk",
    "status": "active",
    "type": "master"
  },
  {
    "domain": "activatecapital.uk",
    "id": 815870,
    "soa_email": "hostmaster@activatemedia.co.uk",
    "status": "active",
    "type": "master"
  },
  {
    "domain": "activatemedia.co.uk",
    "id": 815880,
    "soa_email": "admin@instantaccess.com",
    "status": "active",
    "type": "master"
  },
  {
    "domain": "activatemedia.com",
    "id": 814233,
    "soa_email": "hostmaster@activatemedia.co.uk",
    "status": "active",
    "type": "master"
  },
  {
    "domain": "activatemedia.eu",
    "id": 815881,
    "soa_email": "admin@instantaccess.com",
    "status": "active",
    "type": "master"
  },
  {
    "domain": "agri-profocus.nl",
    "id": 815882,
    "soa_email": "admin@instantaccess.com",
    "status": "active",
    "type": "master"
  },
  {
    "domain": "agriprofocus.com",
    "id": 815884,
    "soa_email": "admin@instantaccess.com",
    "status": "active",
    "type": "master"
  },
  {
    "domain": "annefischer.net",
    "id": 815885,
    "soa_email": "admin@instantaccess.com",
    "status": "active",
    "type": "master"
  },
  {
    "domain": "auricassociates.com",
    "id": 815886,
    "soa_email": "admin@instantaccess.com",
    "status": "active",
    "type": "master"
  },
  {
    "domain": "cannonestatesgroup.co.uk",
    "id": 1007517,
    "soa_email": "admin@instantaccess.com",
    "status": "active",
    "type": "master"
  },
  {
    "domain": "cardinallysander-vc.com",
    "id": 815901,
    "soa_email": "admin@instantaccess.com",
    "status": "active",
    "type": "master"
  },
  {
    "domain": "davewild.co.uk",
    "id": 815928,
    "soa_email": "admin@instantaccess.com",
    "status": "active",
    "type": "master"
  },
  {
    "domain": "davidclulow.co.uk",
    "id": 815929,
    "soa_email": "admin@instantaccess.com",
    "status": "active",
    "type": "master"
  },
  {
    "domain": "davidclulow.com",
    "id": 815930,
    "soa_email": "admin@instantaccess.com",
    "status": "active",
    "type": "master"
  },
  {
    "domain": "eventware.co.uk",
    "id": 815936,
    "soa_email": "admin@instantaccess.com",
    "status": "active",
    "type": "master"
  },
  {
    "domain": "financialintroductionsglobal.com",
    "id": 815940,
    "soa_email": "admin@instantaccess.com",
    "status": "active",
    "type": "master"
  },
  {
    "domain": "funds-global.com",
    "id": 815942,
    "soa_email": "admin@instantaccess.com",
    "status": "active",
    "type": "master"
  },
  {
    "domain": "gliderdirectory.com",
    "id": 815949,
    "soa_email": "admin@instantaccess.com",
    "status": "active",
    "type": "master"
  },
  {
    "domain": "globaltrends.com",
    "id": 814269,
    "soa_email": "admin@instantaccess.com",
    "status": "active",
    "type": "master"
  },
  {
    "domain": "goldclub.co.uk",
    "id": 815951,
    "soa_email": "admin@instantaccess.com",
    "status": "active",
    "type": "master"
  },
  {
    "domain": "gorasia.eu",
    "id": 815957,
    "soa_email": "admin@instantaccess.com",
    "status": "active",
    "type": "master"
  },
  {
    "domain": "greystripeexecutive.com",
    "id": 815958,
    "soa_email": "admin@instantaccess.com",
    "status": "active",
    "type": "master"
  },
  {
    "domain": "hello-tomo.co.uk",
    "id": 877379,
    "soa_email": "admin@instantaccess.com",
    "status": "active",
    "type": "master"
  },
  {
    "domain": "hellotomo.co.uk",
    "id": 877378,
    "soa_email": "admin@instantaccess.com",
    "status": "active",
    "type": "master"
  },
  {
    "domain": "here-now.com",
    "id": 844666,
    "soa_email": "admin@instantaccess.com",
    "status": "active",
    "type": "master"
  },
  {
    "domain": "imegalitho.co.uk",
    "id": 815961,
    "soa_email": "admin@instantaccess.com",
    "status": "active",
    "type": "master"
  },
  {
    "domain": "instantaccess.com",
    "id": 815962,
    "soa_email": "admin@instantaccess.com",
    "status": "active",
    "type": "master"
  },
  {
    "domain": "ipl-group.com",
    "id": 815964,
    "soa_email": "admin@instantaccess.com",
    "status": "active",
    "type": "master"
  },
  {
    "domain": "kinglycourt.com",
    "id": 815966,
    "soa_email": "admin@instantaccess.com",
    "status": "active",
    "type": "master"
  },
  {
    "domain": "lescavesdepyrene.co.uk",
    "id": 815967,
    "soa_email": "admin@instantaccess.com",
    "status": "active",
    "type": "master"
  },
  {
    "domain": "maxlandsberg.com",
    "id": 815973,
    "soa_email": "admin@instantaccess.com",
    "status": "active",
    "type": "master"
  },
  {
    "domain": "mdenton.co.uk",
    "id": 815974,
    "soa_email": "admin@instantaccess.com",
    "status": "active",
    "type": "master"
  },
  {
    "domain": "mediaresearchandevents.com",
    "id": 815975,
    "soa_email": "admin@instantaccess.com",
    "status": "active",
    "type": "master"
  },
  {
    "domain": "millsltd.co.uk",
    "id": 815978,
    "soa_email": "admin@instantaccess.com",
    "status": "active",
    "type": "master"
  },
  {
    "domain": "motoroutes.co.uk",
    "id": 815984,
    "soa_email": "admin@instantaccess.com",
    "status": "active",
    "type": "master"
  },
  {
    "domain": "motoroutes.net",
    "id": 815985,
    "soa_email": "admin@instantaccess.com",
    "status": "active",
    "type": "master"
  },
  {
    "domain": "mrae.co.uk",
    "id": 815986,
    "soa_email": "admin@instantaccess.com",
    "status": "active",
    "type": "master"
  },
  {
    "domain": "own-label.com",
    "id": 815993,
    "soa_email": "admin@instantaccess.com",
    "status": "active",
    "type": "master"
  },
  {
    "domain": "oxloproperties.com",
    "id": 818897,
    "soa_email": "hostmaster@activatemedia.co.uk",
    "status": "active",
    "type": "master"
  },
  {
    "domain": "praedia.com",
    "id": 815999,
    "soa_email": "admin@instantaccess.com",
    "status": "active",
    "type": "master"
  },
  {
    "domain": "prizeglobeproperties.co.uk",
    "id": 816000,
    "soa_email": "admin@instantaccess.com",
    "status": "active",
    "type": "master"
  },
  {
    "domain": "ristorantebelvedere.co.uk",
    "id": 816004,
    "soa_email": "admin@instantaccess.com",
    "status": "active",
    "type": "master"
  },
  {
    "domain": "sailplanedirectory.com",
    "id": 816005,
    "soa_email": "admin@instantaccess.com",
    "status": "active",
    "type": "master"
  },
  {
    "domain": "securitysectorintegrity.com",
    "id": 896905,
    "soa_email": "hostmaster@activatemedia.co.uk",
    "status": "active",
    "type": "master"
  },
  {
    "domain": "shaftesburymail.co.uk",
    "id": 816006,
    "soa_email": "admin@instantaccess.com",
    "status": "active",
    "type": "master"
  },
  {
    "domain": "shaftesburyplc.co.uk",
    "id": 816007,
    "soa_email": "admin@instantaccess.com",
    "status": "active",
    "type": "master"
  },
  {
    "domain": "station.co.uk",
    "id": 816008,
    "soa_email": "admin@instantaccess.com",
    "status": "active",
    "type": "master"
  },
  {
    "domain": "strategy-dynamics.com",
    "id": 816011,
    "soa_email": "admin@instantaccess.com",
    "status": "active",
    "type": "master"
  },
  {
    "domain": "tailwise.com",
    "id": 1280049,
    "soa_email": "admin@instantaccess.com",
    "status": "active",
    "type": "master"
  },
  {
    "domain": "thebenevolent.org.uk",
    "id": 816020,
    "soa_email": "admin@instantaccess.com",
    "status": "active",
    "type": "master"
  },
  {
    "domain": "thecallofthemountains.com",
    "id": 816021,
    "soa_email": "admin@instantaccess.com",
    "status": "active",
    "type": "master"
  },
  {
    "domain": "theexperts.eu",
    "id": 816022,
    "soa_email": "admin@instantaccess.com",
    "status": "active",
    "type": "master"
  },
  {
    "domain": "ukrainesecuritysector.com",
    "id": 852680,
    "soa_email": "hostmaster@activatemedia.co.uk",
    "status": "active",
    "type": "master"
  },
  {
    "domain": "unbrokenthreadsproject.com",
    "id": 1150851,
    "soa_email": "admin@instantaccess.com",
    "status": "active",
    "type": "master"
  },
  {
    "domain": "waynesummers.co.uk",
    "id": 816026,
    "soa_email": "admin@instantaccess.com",
    "status": "active",
    "type": "master"
  },
  {
    "domain": "wsta.co.uk",
    "id": 816034,
    "soa_email": "admin@instantaccess.com",
    "status": "active",
    "type": "master"
  }
]
