domain,soa_email
activate-startup.com,admin@instantaccess.com
activate.co.uk,admin@instantaccess.com
activate.it,admin@instantaccess.com
activate.uk,admin@instantaccess.com
activatecapital.co.uk,hostmaster@activatemedia.co.uk
activatecapital.uk,hostmaster@activatemedia.co.uk
activatemedia.co.uk,admin@instantaccess.com
activatemedia.com,hostmaster@activatemedia.co.uk
activatemedia.eu,admin@instantaccess.com
agri-profocus.nl,admin@instantaccess.com
agriprofocus.com,admin@instantaccess.com
annefischer.net,admin@instantaccess.com
auricassociates.com,admin@instantaccess.com
cannonestatesgroup.co.uk,admin@instantaccess.com
cardinallysander-vc.com,admin@instantaccess.com
davewild.co.uk,admin@instantaccess.com
davidclulow.co.uk,admin@instantaccess.com
davidclulow.com,admin@instantaccess.com
eventware.co.uk,admin@instantaccess.com
financialintroductionsglobal.com,admin@instantaccess.com
funds-global.com,admin@instantaccess.com
gliderdirectory.com,admin@instantaccess.com
globaltrends.com,admin@instantaccess.com
goldclub.co.uk,admin@instantaccess.com
gorasia.eu,admin@instantaccess.com
greystripeexecutive.com,admin@instantaccess.com
hello-tomo.co.uk,admin@instantaccess.com
hellotomo.co.uk,admin@instantaccess.com
here-now.com,admin@instantaccess.com
imegalitho.co.uk,admin@instantaccess.com
instantaccess.com,admin@instantaccess.com
ipl-group.com,admin@instantaccess.com
kinglycourt.com,admin@instantaccess.com
lescavesdepyrene.co.uk,admin@instantaccess.com
maxlandsberg.com,admin@instantaccess.com
mdenton.co.uk,admin@instantaccess.com
mediaresearchandevents.com,admin@instantaccess.com
millsltd.co.uk,admin@instantaccess.com
motoroutes.co.uk,admin@instantaccess.com
motoroutes.net,admin@instantaccess.com
mrae.co.uk,admin@instantaccess.com
own-label.com,admin@instantaccess.com
oxloproperties.com,hostmaster@activatemedia.co.uk
praedia.com,admin@instantaccess.com
prizeglobeproperties.co.uk,admin@instantaccess.com
ristorantebelvedere.co.uk,admin@instantaccess.com
sailplanedirectory.com,admin@instantaccess.com
securitysectorintegrity.com,hostmaster@activatemedia.co.uk
shaftesburymail.co.uk,admin@instantaccess.com
shaftesburyplc.co.uk,admin@instantaccess.com
station.co.uk,admin@instantaccess.com
strategy-dynamics.com,admin@instantaccess.com
tailwise.com,admin@instantaccess.com
thebenevolent.org.uk,admin@instantaccess.com
thecallofthemountains.com,admin@instantaccess.com
theexperts.eu,admin@instantaccess.com
ukrainesecuritysector.com,hostmaster@activatemedia.co.uk
unbrokenthreadsproject.com,admin@instantaccess.com
waynesummers.co.uk,admin@instantaccess.com
